ANNA CLARA LEITE FERREIRA DO CARMO	 
ARTHUR HENRY LIMA DOS SANTOS	 
BEATRIZ VITORIA DA SILVA	 
CLARA LAISA DOS SANTOS NASCIMENTO	 
DAVID RAONY DA SILVA SANTOS	 
EDUARDA VITORIA ALVES SILVA	 
EZEQUIAS TOMAZ	 
GABRIEL VILAR DA SILVA	 
GABRIELA VITORIA MARTINS SILVA	 
GUILHERME RODRIGO MEDEIROS DE SOUZA SILVA	 
HELOISA LAIANE NUNES DOS SANTOS	 
Jeferson Souza de Santana	 
JESSYCA MARIA PESSOA DE SOUZA	 
JOAO BRAZ DIONISIO SILVA	 
KAIO NATANAEL DOS SANTOS BARROS	 
LETICIA REBECCA LIMA SANTOS	 
LINDSAY DANIELLE NUNES DA SILVA	 
LUAN CARLOS DE FREITAS MARINHO	 
LUAN HENRIQUE GOMES FARAO	 
LUCAS GABRIEL PEREIRA SANTOS	 
LUIZ FELIPE GONCALVES DA SILVA	 
MARIA CARLA DA SILVA SANTOS	 
MARIA CLARA DOS SANTOS SANTIAGO	 
MARIA CLARA LIMA SILVA	 
MARIA ELOISA VICENTE DA SILVA	 
MARIA ISABELLA BORGES EVARISTO	 
MATHEUS VICTOR DE MELO SILVA	 
MAYRLA RODRIGUES DE LIMA SILVA	 
NICOLAS RIBEIRO VIDAL DO NASCIMENTO	 
PEDRO HENRIQUE DA SILVA	 
RAPHAEL LUCAS DOS SANTOS SILVA	 
RAYLANNE LAYSSA DA SILVA	 
SAMILY MARIANY SANTOS SILVA	 
VITOR GABRIEL SANTOS DO NASCIMENTO	 
WALISON KLEITON DA ROCHA BARROS	 
WESLEY MIKAEL DE OLIVEIRA SANTOS BEZERRA	 
YASMIM CANDIDO OLIVEIRA DA SILVA	 
YASMIM DE FATIMA XAVIER SANTOS	 
YASMIN MARIA VICENTE DA SILVA	 
EVILLYN DANIELLY DA SILVA