ANDRESSA MAYARA DOS SANTOS AZEVEDO	 
ANNA LUYSA LUIZ RAMOS DA SILVA	 
ANTTONY THALLYS SILVA DA HORA	 
ARTUR VINÍCIUS SILVA LIMA	 
CAMYLA FERNANDA MACENA PEREIRA	 
CARLOS MIGUEL FERRAZ DE LIMA	 
DJALMA DANILO CAVALCANTE DA COSTA	 
EMERSON JONATAH DA SILVA ALVES	 
ERICK HENRIQUE DA SILVA BRITO	 
FERNANDA GABRIELA DOS SANTOS	 
FLAVIO MIGUEL GOMES MELO DE BARROS	 
FRANCIELLE ELOAH ALVES DE LIMA	 
GABRIELLE FERREIRA DOS SANTOS	 
GERSON JOSE FRANCISCO DE OLIVEIRA SILVA	 
GUILHERME SOUZA DA SILVA	 
IGOR RONALDO DE SOUZA	 
IZABELLA APARECIDA DA SILVA CASTRO	 
JEIELL VITOR XAVIER	 
JHONATAN SANTOS BISPO	 
JOAO EDUARDO DE MORAIS SILVA	 
KAUANY VITORIA GONCALVES SILVA	 
KETYLLY VITORIA FRANCA DE LIRA	 
LAURA GABRIELA DOS SANTOS BARROS	 
LETICIA BORGES FLORENCO	 
LUCAS DANIEL DO NASCIMENTO SANTOS	 
LUCAS HENRIQUE GUILHERMINO DA SILVA	 
LUIS EDUARDO DE SANTANA VICENTE NERES	 
LUIZ HENRIQUE DOS SANTOS	 
MARIA CECILIA DA SILVA FERREIRA	 
MARIA GABRIELLY DO NASCIMENTO SILVA	 
MARIA HELENA SANTOS DA PAZ	 
MARIA LAIS GUIMARAES DO NASCIMENTO	 
MATHEUS FERNANDES MENDES	 
MAYKON KAUA SANTOS DE OLIVEIRA	 
MICAL DE MOURA SANTOS	 
NATHALYA EVELLYN DOS SANTOS VASCONCELOS	 
PABLO ANDRE BITAR DOS SANTOS	 
RAJ GABRIEL TEIXEIRA RODRIGUES	 
RAYSSA DO NASCIMENTO OLIVEIRA	 
RUAN DOUGLAS GOMES DA SILVA